{"stat.drop.thaumcraft.plate":3,"stat.walkOneCm":11442,"stat.leaveGame":3,"stat.useItem.thaumtweaks.crafter":3,"stat.jump":117,"stat.swimOneCm":305,"stat.pickup.thaumcraft.void_seed":20,"stat.drop.thaumtweaks.rift_feed":37,"stat.crouchOneCm":167,"stat.pickup.thaumtweaks.rift_feed":5,"stat.drop.minecraft.quartz":3,"stat.sprintOneCm":11899,"stat.useItem.minecraft.stone_slab2":1,"stat.useItem.minecraft.hopper":8,"stat.drop.thaumcraft.crystal_essence":64,"stat.flyOneCm":32104,"stat.drop":44,"stat.playOneMinute":14392,"stat.sneakTime":280,"stat.timeSinceDeath":14392,"stat.hopperInspected":12,"stat.diveOneCm":2682}