{"stat.flyOneCm":10472,"stat.walkOneCm":6348,"stat.drop":58,"stat.jump":25,"stat.swimOneCm":1019,"stat.playOneMinute":3971,"stat.pickup.thaumcraft.primordial_pearl":1,"stat.drop.minecraft.noteblock":64,"stat.leaveGame":1,"stat.sneakTime":106,"stat.pickup.thaumcraft.void_seed":20,"stat.useItem.thaumcraft.crucible":1,"stat.drop.thaumtweaks.rift_feed":57,"stat.timeSinceDeath":3971,"stat.pickup.thaumtweaks.rift_feed":7,"stat.sprintOneCm":4182,"stat.useItem.minecraft.stone_slab2":4,"stat.diveOneCm":4481}