{
  "minVersion": "0.8",
  "package": "griglog.thaumtweaks.mixins",
  "refmap": "mixins.thaumtweaks.refmap.json",
  "compatibilityLevel": "JAVA_8",
  "mixins": [
    "blocks.JarMixin",
    "blocks.JarTileMixin",
    "blocks.PedestalMixin",
    "blocks.ResearchTableContainerMixin",
    "blocks.SlotFocusMixin",
    "blocks.SmelterMixin",
    "entities.EntityConfigMixin",
    "entities.MixinEntityFluxRift",
    "events.EntityEventsMixin",
    "events.GuiEventsMixin",
    "golems.GolemHelperMixin",
    "golems.ItemPlacerMixin"
  ],
  "client": [],
  "server": []
}